{
  "processors": [
    {
      "processor_type": "minecraft:rule",
      "rules": [
        {
          "location_predicate": {
            "predicate_type": "minecraft:block_match",
            "block": "minecraft:water"
          },
          "input_predicate": {
            "predicate_type": "minecraft:block_match",
            "block": "minecraft:stone"
          },
          "output_state": {
            "Name": "minecraft:dark_oak_planks"
          }
        },
        {
          "location_predicate": {
            "predicate_type": "minecraft:always_true"
          },
          "input_predicate": {
            "predicate_type": "minecraft:random_block_match",
            "block": "minecraft:stone",
            "probability": 0.2
          },
          "output_state": {
            "Name": "minecraft:grass_block",
            "Properties": {"Snowy": "false"}
          }
        }
      ]
    }
  ]
}
