{
  "type": "minecraft:flat_cache",
  "argument": {
    "type": "minecraft:spline",
    "spline": {
      "coordinate": {
        "type": "minecraft:shifted_noise",
        "noise": "minecraft:ridge",
        "xz_scale": 0.20,
        "y_scale": 0,
        "shift_x": "minecraft:shift_x",
        "shift_y": 0,
        "shift_z": "minecraft:shift_z"
      },
      "points": [
        {
          "location": -1,
          "derivative": 0.733,
          "value": -1
        },
        {
          "location": 0,
          "derivative": 0.733,
          "value": -0.267
        },
        {
          "location": 0,
          "derivative": 0.733,
          "value": 0.267
        },
        {
          "location": 1,
          "derivative": 0.733,
          "value": 1
        }
      ]
    }
  }
}
