{
  "type": "minecraft:jigsaw",
  "biomes": "#towns_and_towers:has_structure/exclusives/village_piglin",
  "max_distance_from_center": 80,
  "project_start_to_heightmap": "WORLD_SURFACE_WG",
  "size": 2,
  "spawn_overrides": {
    "monster": {
      "bounding_box": "full",
      "spawns": [
        {
          "type": "minecraft:piglin",
          "maxCount": 8,
          "minCount": 6,
          "weight": 6
        },
        {
          "type": "minecraft:piglin_brute",
          "maxCount": 3,
          "minCount": 2,
          "weight": 1
        }
      ]
    }
  },
  "start_height": {
    "absolute": 0
  },
  "start_pool": "kaisyn:village/exclusives/piglin/town_centers",
  "step": "surface_structures",
  "terrain_adaptation": "beard_thin",
  "use_expansion_hack": true
}