{
    "parent": "totw_reworked:root",
    "display": {
        "icon": {
            "item": "minecraft:tropical_fish_bucket"
        },
        "title": {
            "translate": "Found Nemo?"
        },
        "description": {
            "translate": "Find a Tower in the Ocean...just with Corals"
        },
        "frame": "task",
        "show_toast": true,
        "announce_to_chat": true,
        "hidden": false
    },
    "criteria": {
        "ocean_warm": {
            "trigger": "minecraft:location",
            "conditions": {
                "player": {
                    "location": {
                        "structure": "totw_reworked:ocean_warm"
                    }
                }
            }
        }
    },
    "requirements": [
        [
            "ocean_warm"
        ]
    ]
}
