{
  "feature": "minecraft:glow_lichen-dripstone",
  "placement": [
    {
      "type": "minecraft:noise_based_count",
      "noise_factor": 10,
      "noise_offset": 0.2,
      "noise_to_count_ratio": 1600
    },
    {
      "type": "minecraft:height_range",
      "height": {
        "type": "minecraft:uniform",
        "max_inclusive": {
          "absolute": 256
        },
        "min_inclusive": {
          "above_bottom": 0
        }
      }
    },
    {
      "type": "minecraft:in_square"
    },
    {
      "type": "minecraft:surface_relative_threshold_filter",
      "heightmap": "OCEAN_FLOOR_WG",
      "max_inclusive": -13
    },
    {
      "type": "minecraft:biome"
    }
  ]
}