{
  "type": "minecraft:canyon",
  "config": {
    "probability": 0,
    "y": {
      "type": "minecraft:constant",
      "value": {
        "absolute": 0
      }
    },
    "yScale": 0,
    "lava_level": {
      "absolute": 0
    },
    "replaceable": "minecraft:air",
    "debug_settings": {
      "air_state": {
        "Name": "minecraft:warped_button",
        "Properties": {
          "face": "wall",
          "facing": "north",
          "powered": "false"
        }
      },
      "water_state": {
        "Name": "minecraft:candle",
        "Properties": {
          "candles": "1",
          "lit": "false",
          "waterlogged": "false"
        }
      },
      "lava_state": {
        "Name": "minecraft:orange_stained_glass"
      },
      "barrier_state": {
        "Name": "minecraft:glass"
      }
    },
    "vertical_rotation": 0,
    "shape": {
      "distance_factor": 0,
      "thickness": 0,
      "width_smoothness": 0,
      "horizontal_radius_factor": 0,
      "vertical_radius_default_factor": 0,
      "vertical_radius_center_factor": 0
    }
  }
}
